City_ID,City,Lat,Lng,Max Temp,Humidity,Cloudiness,Wind Speed,Country,Date
0,iskateley,67.6803,53.1512,-30.55,100,95,1.79,RU,1707628472
1,port-aux-francais,-49.35,70.2167,7.95,99,100,12.31,TF,1707628472
2,grytviken,-54.2811,-36.5092,2.85,89,28,7.7,GS,1707628472
3,itanhem,-17.1664,-40.33,20.7,94,76,1.09,BR,1707628473
4,college,64.8569,-147.8028,-7.82,78,40,2.57,US,1707628473
5,idri,27.5,13.2667,13.16,18,100,1.25,LY,1707628473
6,tutoia,-2.7619,-42.2744,23.64,96,100,2.11,BR,1707628473
7,sanctuary point,-35.1114,150.629,24.99,53,1,6.07,AU,1707628474
8,archangelos,36.2149,28.1149,15.17,74,100,7.09,GR,1707628474
9,hawaiian paradise park,19.5933,-154.9731,21.73,91,100,1.54,US,1707628474
10,avarua,-21.2078,-159.775,27.03,74,40,4.12,CK,1707628475
11,longyearbyen,78.2186,15.6401,-6.09,73,0,5.66,SJ,1707628475
12,selfoss,63.9331,-20.9971,-3.7,80,100,4.96,IS,1707628475
13,olonkinbyen,70.9221,-8.7187,-3.45,67,100,7.06,SJ,1707628009
14,bindlach,49.9817,11.6139,7.95,94,100,0.89,DE,1707628476
15,waitangi,-43.9535,-176.5597,14.34,93,72,1.79,NZ,1707628015
16,puerto natales,-51.7236,-72.4875,10.2,93,100,1.47,CL,1707628476
17,kuanda,56.3161,116.0806,-11.82,79,100,1.22,RU,1707628476
18,adamstown,-25.066,-130.1015,23.15,88,99,8.22,PN,1707628476
19,tomatlan,19.9333,-105.25,18.77,92,86,0.88,MX,1707628477
20,stanley,54.868,-1.6985,5.29,100,100,2.57,GB,1707628477
21,teshi old town,5.5836,-0.1072,26.87,86,21,2.94,GH,1707628477
22,uturoa,-16.7333,-151.4333,27.78,87,100,13.96,PF,1707628477
23,port elizabeth,-33.918,25.5701,18.51,73,0,1.54,ZA,1707628478
24,ust-nera,64.5667,143.2,-26.6,95,100,0.79,RU,1707627898
25,edinburgh of the seven seas,-37.0676,-12.3116,18.45,92,90,8.26,SH,1707628478
26,kapuskasing,49.4169,-82.4331,-8.0,73,100,5.66,CA,1707627944
27,invercargill,-46.4,168.35,13.9,71,83,5.81,NZ,1707628219
28,blackmans bay,-43.0167,147.3167,22.07,52,73,3.56,AU,1707628479
29,isafjordur,66.0755,-23.124,-3.3,87,100,3.32,IS,1707628479
30,carnarvon,-24.8667,113.6333,35.74,36,0,4.14,AU,1707628479
31,raduzhny,62.0961,77.475,-16.81,95,98,6.56,RU,1707628480
32,urangan,-25.3,152.9,29.0,66,17,4.92,AU,1707628480
33,port lincoln,-34.7333,135.8667,29.42,35,0,6.24,AU,1707627881
34,tofol,5.3248,163.0078,28.88,79,100,6.17,FM,1707628481
35,san patricio,28.017,-97.5169,21.02,92,100,4.58,US,1707628027
36,nemuro,43.3236,145.575,-3.04,68,98,7.31,JP,1707628481
37,ushuaia,-54.8,-68.3,8.81,93,20,4.63,AR,1707628481
38,almonte,37.2647,-6.5167,10.16,86,93,0.97,ES,1707628481
39,kapa'a,22.0752,-159.319,22.99,83,100,2.57,US,1707628482
40,murghob,38.1702,73.9667,-14.73,58,99,1.86,TJ,1707628482
41,arzberg,50.0667,12.2,7.17,95,100,0.12,DE,1707628482
42,parabel',58.6978,81.4825,-12.8,88,100,6.6,RU,1707628482
43,jamestown,42.097,-79.2353,2.77,90,100,2.57,US,1707628326
44,babayevo,59.3936,35.9371,-22.23,100,97,1.72,RU,1707628483
45,kodiak,57.79,-152.4072,0.73,75,0,1.54,US,1707628483
46,scottburgh,-30.2867,30.7532,20.19,82,72,1.81,ZA,1707628483
47,yarmouth,41.7057,-70.2286,9.51,88,0,3.13,US,1707628484
48,anadyr,64.75,177.4833,-21.72,77,40,5.0,RU,1707627954
49,tiksi,71.6872,128.8694,-29.87,100,100,2.31,RU,1707628484
50,sao vicente,-23.9631,-46.3919,26.82,26,9,1.06,BR,1707628484
51,luganville,-15.5333,167.1667,29.3,75,28,4.77,VU,1707628484
52,pacific grove,36.6177,-121.9166,11.06,86,20,2.57,US,1707627961
53,katabu,-4.9333,122.5167,27.51,84,100,2.63,ID,1707628485
54,aktau,43.65,51.2,4.32,77,100,5.14,KZ,1707628485
55,turan,16.0678,108.2208,23.99,60,75,3.09,VN,1707628485
56,marsa alam,25.0757,34.8918,18.23,55,0,5.05,EG,1707628486
57,buka,40.8108,69.1986,13.56,29,100,0.66,UZ,1707628486
58,ola,59.5833,151.2833,-18.81,80,99,3.26,RU,1707628486
59,hadibu,12.65,54.0333,25.24,71,14,3.27,YE,1707628486
60,arraial do cabo,-22.9661,-42.0278,25.27,84,13,8.73,BR,1707627895
61,mugia,43.1041,-9.2179,8.28,73,100,5.38,ES,1707628487
62,hamilton,39.1834,-84.5333,5.69,80,0,4.12,US,1707628260
63,nelson,-41.2833,173.2833,15.76,66,40,5.12,NZ,1707628487
64,sittwe,20.15,92.9,24.86,34,24,0.52,MM,1707628488
65,latakia,35.5148,35.7768,10.1,66,22,3.38,SY,1707628488
66,tralee,52.2704,-9.7026,6.66,83,56,6.3,IE,1707628488
67,beyneu,45.3167,55.2,1.54,77,100,4.52,KZ,1707628489
68,vakarai,55.6035,23.8213,-1.71,95,100,4.02,LT,1707628489
69,lazaro cardenas,17.9583,-102.2,23.09,82,36,2.44,MX,1707628489
70,lebowakgomo,-24.2,29.5,19.5,77,74,2.92,ZA,1707628490
71,papatowai,-46.5619,169.4708,15.05,52,95,3.3,NZ,1707628490
72,puerto ayora,-0.7393,-90.3518,25.86,96,42,2.02,EC,1707628490
73,newman,37.3138,-121.0208,7.23,85,0,1.4,US,1707628491
74,huicheng,23.0385,116.2899,20.84,31,0,3.18,CN,1707628491
75,bilibino,68.0546,166.4372,-30.21,99,100,0.98,RU,1707628491
76,chibougamau,49.9168,-74.3659,-2.21,86,100,3.09,CA,1707628491
77,hilo,19.7297,-155.09,21.85,88,100,1.54,US,1707628487
78,khanty-mansiysk,61.0042,69.0019,-24.94,70,0,3.13,RU,1707628492
79,haenam,34.5711,126.5989,6.75,53,9,9.68,KR,1707628492
80,oblivskaya,48.5362,42.5014,-2.68,95,100,7.21,RU,1707628492
81,codrington,-38.2667,141.9667,24.41,45,0,6.86,AU,1707628493
82,kuopio,62.8924,27.677,-24.32,82,100,1.34,FI,1707628493
83,valera,9.3178,-70.6036,21.51,88,26,2.45,VE,1707628493
84,ribeira grande,38.5167,-28.7,17.1,92,47,6.26,PT,1707628493
85,kirakira,-10.4544,161.9205,28.44,78,100,5.93,SB,1707628493
86,sitka,57.0531,-135.33,5.94,75,75,3.6,US,1707628494
87,gubakha,58.8386,57.5532,-27.7,100,100,1.04,RU,1707628494
88,olyokminsk,60.3736,120.4264,-13.96,94,100,1.62,RU,1707628494
89,viedma,-40.8135,-62.9967,18.19,93,0,2.55,AR,1707627982
90,saynshand,44.8824,110.1163,-8.0,81,8,3.92,MN,1707628495
91,greymouth,-42.4667,171.2,16.21,54,0,4.6,NZ,1707628495
92,jincheng,35.5022,112.8328,5.89,36,0,1.91,CN,1707628495
93,atafu village,-8.5421,-172.5159,28.02,82,100,7.7,TK,1707628495
94,saacow,1.6279,42.4407,27.78,53,82,6.66,SO,1707628496
95,nema,57.5067,50.5011,-24.38,100,67,1.81,RU,1707628496
96,punta arenas,-53.15,-70.9167,11.06,71,0,3.09,CL,1707628295
97,alaghsas,17.0187,8.0168,17.94,14,0,4.12,NE,1707628496
98,tazovsky,67.4667,78.7,-21.11,97,95,3.74,RU,1707628497
99,talodi,10.6325,30.3797,23.55,18,1,2.88,SD,1707628497
100,mosfellsbaer,64.1667,-21.7,2.01,69,0,7.72,IS,1707628498
101,tuy hoa,13.0833,109.3,22.22,89,91,5.5,VN,1707628498
102,hermanus,-34.4187,19.2345,17.67,77,9,5.16,ZA,1707628499
103,vorgashor,67.5833,63.95,-25.1,99,100,2.34,RU,1707628499
104,saudarkrokur,65.7461,-19.6394,-7.41,84,100,3.96,IS,1707627906
105,saint-philippe,-21.3585,55.7679,28.77,85,64,5.73,RE,1707628499
106,sarapul,56.4763,53.7978,-23.37,100,87,2.13,RU,1707628500
107,akureyri,65.6835,-18.0878,-8.59,91,99,2.07,IS,1707628500
108,naama,33.2667,-0.3167,8.63,76,24,10.95,DZ,1707628500
109,al badari,26.9926,31.4155,11.84,50,0,2.38,EG,1707628500
110,sandnessjoen,66.0217,12.6316,-20.71,71,2,6.93,NO,1707628501
111,qaqortoq,60.7167,-46.0333,-24.64,74,4,3.18,GL,1707627911
112,kangding,30.0513,101.9603,9.66,35,0,1.15,CN,1707628501
113,albany,42.6001,-73.9662,7.04,74,92,0.45,US,1707628502
114,rosarito,32.3333,-117.0333,11.74,59,3,2.65,MX,1707628502
115,ushtobe,45.2514,77.9838,5.51,55,100,7.53,KZ,1707628502
116,yellowknife,62.456,-114.3525,-12.55,96,100,4.12,CA,1707628503
117,ankazoabo,-22.2833,44.5167,26.52,77,100,1.84,MG,1707628503
118,bardai,11.65,7.2333,18.61,21,0,3.66,NG,1707628503
119,constantia,44.1833,28.65,12.61,71,100,6.61,RO,1707628504
120,wajir,1.7471,40.0573,27.53,56,61,6.69,KE,1707628504
121,labytnangi,66.6572,66.4183,-24.99,86,99,3.17,RU,1707628504
122,fale old settlement,-9.3852,-171.2468,27.24,85,100,7.69,TK,1707628505
123,bethel,41.3712,-73.414,9.41,86,100,0.45,US,1707628499
124,pemangkat,1.1667,108.9667,26.94,82,58,9.55,ID,1707627664
125,lihue,21.9789,-159.3672,22.58,82,100,2.57,US,1707628506
126,n'zeto,-7.2312,12.8666,27.34,84,100,3.79,AO,1707628506
127,aberdeen,57.1437,-2.0981,2.52,100,100,1.54,GB,1707628321
128,mbanza kongo,-6.267,14.2401,20.67,98,100,0.78,AO,1707628506
129,port mathurin,-19.6833,63.4167,26.99,84,100,9.43,MU,1707628507
130,gargalianoi,37.0667,21.6333,15.2,77,100,9.8,GR,1707628507
131,howrah,22.5892,88.3103,23.0,60,0,3.09,IN,1707628507
132,badger,64.8,-147.5333,-7.86,85,100,1.54,US,1707628507
133,colonia,50.9333,6.95,10.54,88,40,3.09,DE,1707628000
134,prince rupert,54.3161,-130.3201,4.83,100,0,5.66,CA,1707628508
135,atkarsk,51.8718,45.0078,-14.02,93,100,3.68,RU,1707628508
136,wailua homesteads,22.0669,-159.378,22.24,83,100,2.57,US,1707628509
137,malango,-2.9627,119.9001,25.69,86,100,0.85,ID,1707628509
138,ilulissat,69.2167,-51.1,-15.99,47,75,5.66,GL,1707628510
139,iqaluit,63.7506,-68.5145,-26.15,70,75,1.03,CA,1707628510
140,carloforte,39.145,8.3058,13.33,62,64,10.23,IT,1707628510
141,namibe,-15.1961,12.1522,24.05,85,100,1.23,AO,1707628511
142,kingscliff,-28.2667,153.5667,29.31,61,80,8.23,AU,1707628511
143,launceston,-41.45,147.1667,23.8,49,100,5.66,AU,1707628395
144,novosergiyevka,52.0934,53.6528,-24.73,100,62,0.82,RU,1707628512
145,weno,7.4515,151.8468,29.97,70,40,5.14,FM,1707628512
146,rongelap,11.1635,166.8941,26.22,79,80,9.21,MH,1707627931
147,west island,-12.1568,96.8225,30.99,70,40,6.17,CC,1707628513
148,ceerigaabo,10.6162,47.368,17.63,53,6,0.3,SO,1707628513
149,darwin,-12.4611,130.8418,30.03,83,75,4.63,AU,1707628022
150,lanzhou,36.0564,103.7922,6.29,25,1,1.36,CN,1707628513
151,aasiaat,68.7098,-52.8699,-22.94,99,100,4.87,GL,1707628513
152,lingsugur,16.1667,76.5167,28.31,37,45,6.31,IN,1707628514
153,keflavik,64.0049,-22.5624,1.24,93,75,11.83,IS,1707627931
154,zhengjiatun,43.5064,123.5064,-4.55,60,1,2.81,CN,1707628515
155,udachny,66.4167,112.4,-38.64,65,100,2.59,RU,1707628516
156,canutama,-6.5339,-64.3831,24.05,97,100,1.35,BR,1707628516
157,el calafate,-50.3408,-72.2768,14.33,69,100,3.64,AR,1707628229
158,luebo,-5.35,21.4167,21.17,97,99,1.0,CD,1707628516
159,aoulef,26.9667,1.0833,20.48,44,38,4.32,DZ,1707628517
160,mount pleasant,32.7941,-79.8626,16.16,94,100,3.09,US,1707628517
161,tolanaro,-25.0319,46.9987,26.96,77,28,4.22,MG,1707628517
162,margaret river,-33.95,115.0667,25.91,54,2,6.67,AU,1707628517
163,toliara,-23.35,43.6667,27.69,79,73,1.67,MG,1707628518
164,nar'yan-mar,67.6713,53.087,-30.5,100,94,1.79,RU,1707627929
165,alofi,-19.0595,-169.9187,27.94,83,100,5.14,NU,1707628518
166,narok,-1.0783,35.8601,15.88,79,25,0.71,KE,1707628519
167,bredasdorp,-34.5322,20.0403,16.99,74,31,3.25,ZA,1707628519
168,polyarnyy,69.1989,33.4478,-11.09,82,100,2.48,RU,1707627928
169,palmer,42.1584,-72.3287,8.68,91,20,0.0,US,1707628411
170,tura,25.5198,90.2201,25.78,26,0,0.94,IN,1707628520
171,port douglas,-16.4833,145.4667,29.66,68,96,2.12,AU,1707628520
172,uliastay,47.7417,96.8444,-4.19,65,75,0.6,MN,1707628520
173,busselton,-33.65,115.3333,31.33,38,0,3.53,AU,1707628346
174,enewetak,11.3474,162.3373,26.59,81,93,9.52,MH,1707628521
175,jacksonville,30.3322,-81.6556,17.0,91,40,1.54,US,1707628354
176,kone,-21.0595,164.8658,28.76,71,64,3.45,NC,1707628521
177,richards bay,-28.783,32.0377,21.64,77,99,2.88,ZA,1707628521
178,mejit,10.2753,170.8646,26.4,75,100,8.8,MH,1707628522
179,meiganga,6.5167,14.3,18.66,30,54,1.86,CM,1707628522
180,heunghae,36.1125,129.3522,6.81,39,4,7.9,KR,1707628522
181,al majaridah,19.1236,41.9111,23.54,64,76,0.84,SA,1707628522
182,natal,-5.795,-35.2094,25.36,94,40,2.57,BR,1707628523
183,zherdevka,51.8486,41.4606,-8.15,91,100,5.56,RU,1707628523
184,amble,55.3333,-1.5833,6.28,100,100,0.51,GB,1707628523
185,mana,5.6592,-53.7767,25.35,83,1,3.77,GF,1707628524
186,fort bragg,35.139,-79.006,18.79,76,100,3.09,US,1707628499
187,queenstown,-31.8976,26.8753,13.28,73,52,1.11,ZA,1707628524
188,alampur,15.8833,78.15,29.5,41,65,6.61,IN,1707628524
189,bikenibeu village,1.3673,173.1241,27.59,79,100,3.82,KI,1707628524
190,pointe-noire,-4.7761,11.8635,25.04,94,75,2.06,CG,1707628525
191,alice springs,-23.7,133.8833,31.75,48,90,7.2,AU,1707628525
192,egilsstadir,65.2653,-14.3948,-2.05,100,75,4.63,IS,1707628525
193,hithadhoo,-0.6,73.0833,28.08,76,74,5.0,MV,1707628047
194,vernon,50.2581,-119.2691,1.27,81,93,0.81,CA,1707628040
195,mount gambier,-37.8333,140.7667,29.42,24,0,4.1,AU,1707628526
196,lemvig,56.5486,8.3102,1.22,97,100,9.86,DK,1707628526
197,mount pearl,47.5166,-52.7813,-1.81,93,75,7.2,CA,1707628526
198,ketchikan,55.3422,-131.6461,2.99,100,75,2.06,US,1707628527
199,susuman,62.7833,148.1667,-25.01,92,100,0.89,RU,1707628527
200,colares,38.7992,-9.4469,14.38,82,100,4.02,PT,1707628527
201,yaren,-0.5472,166.916,28.75,75,100,4.22,NR,1707628527
202,la passe,45.5549,-0.8967,9.43,82,79,11.59,FR,1707628528
203,talnakh,69.4865,88.3972,-27.46,83,65,1.54,RU,1707628528
204,st. john's,47.5649,-52.7093,-1.29,94,75,6.69,CA,1707628382
205,shilka,51.85,116.0333,-6.87,78,98,4.47,RU,1707628528
206,saldanha,-33.0117,17.9442,17.53,75,1,4.32,ZA,1707628529
207,vilyuchinsk,52.9306,158.4028,-6.85,72,27,3.14,RU,1707628529
208,dudinka,69.4058,86.1778,-30.74,94,63,2.24,RU,1707628529
209,bodaybo,57.8506,114.1933,-4.7,94,100,1.38,RU,1707628530
210,utrik,11.2278,169.8474,26.12,80,100,9.46,MH,1707628530
211,tromso,69.6496,18.957,-1.99,74,100,6.69,NO,1707628530
212,port saint john's,-31.6229,29.5448,18.73,84,32,1.6,ZA,1707628531
213,sao tome,0.3365,6.7273,28.03,79,87,2.98,ST,1707627973
214,alta,69.9689,23.2717,-20.41,77,67,3.09,NO,1707628531
215,belyy yar,53.6039,91.3903,-3.06,54,0,11.0,RU,1707628531
216,lorengau,-2.0226,147.2712,29.43,73,99,4.22,PG,1707628532
217,lillehammer,61.1146,10.4674,-12.77,98,99,0.79,NO,1707628532
218,tateyama,34.9833,139.8667,11.17,49,72,3.11,JP,1707628533
219,diffa,13.3154,12.6113,19.2,15,3,3.44,NE,1707628533
220,saint-julien-les-villas,48.2667,4.1,7.98,93,100,3.6,FR,1707628533
221,charters towers,-20.1,146.2667,33.6,31,28,3.11,AU,1707628533
222,baikonur,45.6167,63.3167,-2.18,82,100,6.47,KZ,1707628534
223,san antonio de pale,-1.4014,5.6325,28.72,75,95,2.52,GQ,1707628534
224,illizi,26.4833,8.4667,15.89,10,99,2.91,DZ,1707628534
225,saipan,15.1355,145.701,29.39,65,40,8.23,MP,1707628535
226,mil'kovo,55.6078,37.7956,-12.54,93,95,3.36,RU,1707628018
227,raduzhnyy,62.0961,77.475,-16.61,94,99,5.18,RU,1707628536
228,suzun,53.7841,82.3116,-14.26,89,91,5.43,RU,1707628536
229,tanout,14.9709,8.8879,18.0,10,0,3.53,NE,1707628536
230,aykhal,66.0,111.5,-34.64,100,100,2.33,RU,1707628537
231,eisen,36.8217,128.6308,4.64,41,15,6.15,KR,1707628537
232,roma,43.2128,-75.4557,4.97,80,90,0.89,US,1707628537
233,hami,42.8,93.45,3.47,42,32,2.76,CN,1707628537
234,kununurra,-15.7667,128.7333,30.99,70,100,3.09,AU,1707627941
235,taco pozo,-25.6167,-63.2833,26.16,81,72,1.53,AR,1707628538
236,el granada,37.5027,-122.4694,12.14,87,100,5.66,US,1707628538
237,belidzhi,41.8918,48.4125,10.39,56,43,1.41,RU,1707628538
238,pangody,65.85,74.4859,-21.02,96,97,6.0,RU,1707628538
239,linxia chengguanzhen,35.6003,103.2064,4.93,24,0,1.83,CN,1707628539
240,petropavlovsk-kamchatsky,53.0452,158.6483,-7.67,27,0,6.0,RU,1707628539
241,lospalos,-8.5186,127.0025,29.74,61,65,5.26,TL,1707628539
242,ciudad lazaro cardenas,17.9583,-102.2,23.09,82,36,2.44,MX,1707628540
243,kudahuvadhoo,2.6708,72.8944,27.69,80,16,7.52,MV,1707628540
244,georgetown,5.4112,100.3354,31.96,48,20,3.6,MY,1707628415
245,brookings,44.3114,-96.7984,-0.46,84,38,2.44,US,1707628540
246,kem',64.9555,34.5793,-14.41,97,97,2.08,RU,1707628541
247,changling,44.2653,124.0005,-6.01,70,2,1.96,CN,1707628541
248,lethem,3.3803,-59.7968,27.38,62,5,6.39,GY,1707628541
249,nybro,56.7446,15.9071,0.14,96,100,4.86,SE,1707628541
250,antalaha,-14.9003,50.2788,26.88,83,100,1.53,MG,1707628541
251,hirara,24.8,125.2833,20.15,45,20,7.2,JP,1707628542
252,la'ie,21.6477,-157.9253,23.98,83,83,0.9,US,1707627968
253,kailua-kona,19.6406,-155.9956,24.98,86,20,4.12,US,1707628542
254,chimore,-16.9833,-65.1333,23.19,98,100,0.35,BO,1707628542
255,chonchi,-42.6128,-73.8092,12.29,98,89,1.23,CL,1707628543
256,coyhaique,-45.5752,-72.0662,17.34,63,0,1.54,CL,1707628543
257,merizo village,13.2658,144.6691,29.31,79,95,6.8,GU,1707628543
258,whitehorse,60.7161,-135.0538,0.43,74,40,5.66,CA,1707628544
259,ust'-ilimsk,58.0006,102.6619,-4.76,88,98,2.68,RU,1707628544
260,tsiombe,-25.3,45.4833,27.92,77,20,1.99,MG,1707628544
261,kolwezi,-10.7148,25.4667,16.93,98,100,3.06,CD,1707628545
262,nabire,-3.3667,135.4833,30.14,69,55,2.57,ID,1707628545
263,pisco,-13.7,-76.2167,24.03,78,0,4.12,PE,1707628545
264,maitum,6.0392,124.4986,29.52,69,60,2.44,PH,1707628545
265,nora,59.5193,15.0398,-4.34,96,100,3.43,SE,1707628546
266,thompson,55.7435,-97.8558,-15.91,85,100,0.0,CA,1707628546
267,puerto san jose,13.9256,-90.8244,23.18,82,0,1.64,GT,1707628546
268,northam,51.0333,-4.2167,10.92,97,98,6.45,GB,1707628547
269,cannonvale,-20.2833,148.7,25.66,69,22,7.58,AU,1707628547
270,vadso,70.0744,29.7487,-17.91,85,100,4.63,NO,1707628547
271,nuuk,64.1835,-51.7216,-14.66,66,83,5.14,GL,1707627975
272,jiuquan,39.7432,98.5174,4.9,21,4,1.38,CN,1707628548
273,bouar,5.934,15.596,18.8,28,10,2.42,CF,1707628548
274,katsuura,35.1333,140.3,10.05,42,92,2.88,JP,1707628549
275,faya-largeau,17.9257,19.1043,17.4,19,1,5.41,TD,1707628549
276,turpan,42.9333,89.1667,7.3,36,14,0.77,CN,1707628549
277,port-vila,-17.7338,168.3219,27.78,83,75,4.63,VU,1707628550
278,mahina,-17.5065,-149.489,26.87,89,75,10.8,PF,1707628550
279,rupert,42.6191,-113.6772,-4.03,86,0,3.09,US,1707628551
280,altay,47.8667,88.1167,-1.56,86,100,1.8,CN,1707628551
281,zaysan,47.4667,84.8667,2.9,76,100,1.27,KZ,1707628551
282,qujing,25.4833,103.7833,14.55,45,62,5.53,CN,1707628552
283,vendas novas,38.6771,-8.4579,7.15,85,100,2.91,PT,1707628552
284,valparaiso,-33.0393,-71.6273,13.8,88,0,2.57,CL,1707628311
285,holualoa,19.6228,-155.9522,22.91,85,20,4.12,US,1707628552
286,batesville,35.7698,-91.641,7.36,75,100,2.57,US,1707628552
287,korsakov,46.6328,142.7813,-6.09,91,71,1.42,RU,1707628553
288,tanggu,39.0211,117.6469,11.98,36,28,2.56,CN,1707628553
289,ashmyany,54.425,25.9378,-1.0,96,100,4.63,BY,1707628553
290,boende,-0.2167,20.8667,21.36,95,96,1.36,CD,1707628553
291,altamira,-3.2033,-52.2064,22.52,97,100,1.21,BR,1707628554
292,praia,14.9215,-23.5087,21.3,78,0,4.63,CV,1707628554
293,limon,10.0,-83.0333,22.25,76,37,2.38,CR,1707628554
294,lincoln city,44.9582,-124.0179,8.72,95,98,3.58,US,1707628555
295,choyr,46.3611,108.3611,-8.65,72,1,2.26,MN,1707628555
296,el fasher,13.6279,25.3494,16.4,19,0,4.0,SD,1707628555
297,dar kulayb,26.0686,50.5039,19.45,76,100,5.26,BH,1707628555
298,prado,-17.3411,-39.2208,24.16,93,68,1.5,BR,1707628556
299,marine corps base hawaii - mcbh,21.4453,-157.7513,23.98,82,0,0.45,US,1707628556
300,port alfred,-33.5906,26.891,16.77,94,54,1.34,ZA,1707628556
301,gebeit,21.0667,36.3167,14.87,81,1,1.48,SD,1707628556
302,bayanhongor,46.7167,100.1167,-11.43,70,28,0.64,MN,1707628557
303,dawei,14.0833,98.2,33.23,41,43,1.91,MM,1707628557
304,lata,40.1629,-8.3327,11.56,81,100,2.27,PT,1707628557
305,pancas,-19.225,-40.8514,22.44,95,99,0.85,BR,1707628557
306,tarfaya,27.9358,-12.9218,17.5,88,10,5.36,MA,1707628557
307,sinabang,2.4803,96.3801,30.9,63,53,2.1,ID,1707628558
308,severo-yeniseyskiy,60.3725,93.0408,-12.87,88,100,4.25,RU,1707628558
309,candido mota,-22.7464,-50.3869,24.04,53,61,3.34,BR,1707628558
310,burang,30.25,81.1667,-6.36,13,0,1.35,CN,1707628558
311,ulanhot,46.0833,122.0833,-3.41,46,3,2.9,CN,1707628559
312,vorkuta,67.5,64.0,-24.78,98,100,1.74,RU,1707628559
313,las tablas,7.7667,-80.2833,24.54,99,93,7.26,PA,1707628559
314,tuzhai,24.983,118.8319,17.64,40,0,4.52,CN,1707628559
315,pariaman,-0.619,100.12,33.03,63,14,3.68,ID,1707628559
316,bhamo,24.2667,97.2333,27.42,30,5,1.18,MM,1707628560
317,howard springs,-12.497,131.047,29.99,88,57,6.53,AU,1707628560
318,cholpon-ata,42.6494,77.0823,3.03,48,90,1.01,KG,1707628560
319,lebu,-37.6167,-73.65,14.63,90,82,8.68,CL,1707628560
320,antofagasta,-23.65,-70.4,21.6,82,74,1.14,CL,1707627788
321,argo,37.6333,22.7333,15.44,78,100,2.1,GR,1707628561
322,centenario,-38.8043,-68.14,19.86,94,36,0.0,AR,1707628561
323,ancud,-41.8697,-73.8203,11.57,93,71,1.01,CL,1707628561
324,portland,45.5234,-122.6762,7.56,90,75,1.34,US,1707627951
325,kelibia,36.8476,11.0939,12.35,72,62,7.85,TN,1707628027
326,kabo,7.6994,18.629,21.29,26,38,1.45,CF,1707628562
327,zhezqazghan,47.7833,67.7667,-8.68,86,75,4.0,KZ,1707628562
328,olinda,-8.0089,-34.8553,27.85,78,40,4.63,BR,1707628537
329,klyuchi,52.2667,79.1667,-11.08,68,18,5.26,RU,1707628563
330,safford,32.834,-109.7076,3.51,86,40,4.12,US,1707628563
331,nekrasovka,48.3525,135.2325,-8.99,82,0,5.0,RU,1707628563
332,tamandare,-8.7597,-35.1047,24.86,90,100,1.0,BR,1707628563
333,akividu,16.6,81.3833,29.77,50,26,3.99,IN,1707628564
334,guerrero negro,27.9769,-114.0611,14.42,72,8,4.28,MX,1707628564
335,tselinnoye,53.0833,85.6667,-11.42,85,86,5.46,RU,1707628564
336,batang,-6.4846,110.7083,27.54,79,100,3.82,ID,1707628565
337,al ghayzah,16.2079,52.176,24.13,70,82,5.69,YE,1707628565
338,al kharijah,25.4514,30.5464,10.75,50,0,2.51,EG,1707628565
339,kyzyl,51.7,94.45,-12.0,90,100,0.96,RU,1707628566
340,fort wellington,6.4,-57.6,26.28,80,3,4.08,GY,1707628566
341,brisas de zicatela,15.8369,-97.0419,26.29,69,40,1.54,MX,1707628566
342,chhindwara,22.0667,78.9333,23.4,49,3,3.2,IN,1707628531
343,nouadhibou,20.931,-17.0347,18.97,92,0,6.9,MR,1707628001
344,ipora,-16.4419,-51.1178,20.91,97,100,3.06,BR,1707628567
345,tokmok,42.8417,75.3016,8.54,58,14,2.19,KG,1707628568
346,zaozersk,69.4005,32.4476,-12.32,85,100,2.52,RU,1707628568
347,harstad,68.799,16.5293,-2.14,94,87,9.39,NO,1707628568
348,ocean city,39.2776,-74.5746,12.01,91,100,0.89,US,1707628569
349,swakopmund,-22.6833,14.5333,16.47,89,100,0.38,NA,1707628569
350,praia da vitoria,38.7333,-27.0667,16.53,94,20,8.72,PT,1707628569
351,nova sintra,14.8667,-24.7167,20.92,66,0,4.17,CV,1707628570
352,mandalgovi,45.7625,106.2708,-6.38,68,0,3.56,MN,1707628570
353,el abiodh sidi cheikh,32.893,0.5484,10.04,65,28,13.02,DZ,1707628570
354,cidreira,-30.1811,-50.2056,24.23,94,79,5.34,BR,1707628570
355,xilin hot,43.9667,116.0333,-6.06,78,5,5.33,CN,1707627978
356,birao,10.2849,22.7882,20.49,20,16,3.5,CF,1707628571
357,novodvinsk,64.4165,40.8122,-20.12,100,95,1.77,RU,1707628571
358,zouerate,22.7187,-12.4521,17.88,70,4,3.6,MR,1707628572
359,bontang,0.1333,117.5,26.83,84,100,4.45,ID,1707628572
360,saint-joseph,-21.3667,55.6167,28.21,81,47,4.8,RE,1707628572
361,nagqu,31.5,92.0,-7.81,23,5,2.48,CN,1707628572
362,santa luzia,-19.7697,-43.8514,23.19,78,75,3.6,BR,1707628573
363,ar ruways,24.1103,52.7306,19.83,69,100,6.43,AE,1707628573
364,bengkulu,-3.8004,102.2655,27.23,70,100,0.86,ID,1707628574
365,sur,22.5667,59.5289,23.75,66,1,3.85,OM,1707628574
366,eyl,7.9803,49.8164,27.44,57,89,5.15,SO,1707628574
367,sao felix do xingu,-6.6447,-51.995,21.67,100,99,0.68,BR,1707628575
368,saint croix,17.7397,-64.7388,23.31,73,0,4.12,VI,1707628575
369,saint-francois,46.4154,3.9054,7.03,82,100,3.09,FR,1707628575
370,kalevala,65.2,31.1667,-21.06,97,90,1.79,RU,1707628576
371,song cau,13.45,109.2167,21.69,89,100,6.03,VN,1707628576
372,island harbour,50.724,-1.2758,9.15,93,82,2.24,GB,1707628577
373,marondera,-18.1853,31.5519,16.23,75,15,3.9,ZW,1707628577
374,kuloy,61.0305,42.4925,-23.84,100,97,1.74,RU,1707628577
375,mena,51.5217,32.2157,-0.19,97,100,5.02,UA,1707628578
376,harper,4.375,-7.7169,26.24,88,5,2.62,LR,1707628578
377,daru,-9.0763,143.2092,29.01,77,91,3.63,PG,1707628578
378,vila franca do campo,37.7167,-25.4333,18.27,99,99,6.76,PT,1707628579
379,urumqi,43.801,87.6005,-6.47,74,34,3.0,CN,1707628564
380,dondo,-19.6094,34.7431,30.73,80,11,2.33,MZ,1707628579
381,khalkhal,37.6189,48.5258,3.08,67,0,1.57,IR,1707628580
382,laguna,38.421,-121.4238,9.86,77,0,3.09,US,1707628580
383,nantucket,41.2835,-70.0995,6.75,93,0,4.63,US,1707628555
384,piskivka,50.6938,29.6193,2.63,99,100,3.31,UA,1707628581
385,kabalo,-6.05,26.9167,21.4,96,100,1.38,CD,1707628581
386,rio gallegos,-51.6226,-69.2181,12.03,66,0,2.57,AR,1707628581
387,juruti,-2.1522,-56.0922,24.78,89,79,2.53,BR,1707628581
388,afaahiti,-17.75,-149.2833,25.93,90,100,12.95,PF,1707628582
389,mpika,-11.8343,31.4529,18.37,91,99,1.47,ZM,1707628582
390,vanimo,-2.6741,141.3028,27.62,79,100,5.71,PG,1707628582
391,noosa heads,-26.3833,153.15,27.84,79,48,5.49,AU,1707628582
392,dubbo,-32.25,148.6167,30.07,42,78,2.57,AU,1707628036
393,tsetserleg,47.475,101.4542,-1.62,67,10,2.15,MN,1707628583
394,dzuunharaa,48.8523,106.4579,-1.12,74,11,2.59,MN,1707628583
395,ailuk,10.2197,169.9797,26.5,79,100,9.19,MH,1707628584
396,leeton,-34.5667,146.4,33.38,30,0,2.22,AU,1707628584
397,norilsk,69.3535,88.2027,-30.92,92,67,0.81,RU,1707628584
398,cullinan,-25.6709,28.5236,17.32,73,80,4.5,ZA,1707628585
399,barbate,36.1924,-5.9219,11.11,83,98,1.8,ES,1707628585
400,fauske,67.2588,15.3918,-6.7,93,16,3.84,NO,1707628030
401,gadzhiyevo,69.2551,33.3362,-11.62,82,100,2.56,RU,1707628585
402,ar ruseris,11.8659,34.3869,23.85,21,3,2.73,SD,1707628586
403,kruisfontein,-34.0033,24.7314,16.28,72,64,1.93,ZA,1707628011
404,riberalta,-10.9833,-66.1,24.98,91,99,1.14,BO,1707628586
405,itoman,26.1247,127.6694,19.21,42,20,8.75,JP,1707628587
406,acarau,-2.8856,-40.12,24.99,89,100,3.89,BR,1707628587
407,gurupi,-11.7292,-49.0686,21.65,98,100,1.95,BR,1707628337
408,funadhoo,6.15,73.2667,28.12,76,7,8.3,MV,1707628588
409,rakops,-21.0167,24.3333,27.04,48,92,6.76,BW,1707628588
410,beau vallon,-20.4189,57.6953,29.56,78,75,5.66,MU,1707628588
411,amga,60.8953,131.9608,-27.49,96,98,1.59,RU,1707628010
412,hauterive,46.0901,3.4459,8.42,82,94,4.03,FR,1707628589
413,lubuklinggau,-3.3,102.8667,26.56,76,98,0.7,ID,1707628589
414,kourou,5.1552,-52.6478,27.03,83,23,4.34,GF,1707628589
415,happy valley-goose bay,53.3168,-60.3315,-0.83,86,100,3.6,CA,1707628510
416,senador guiomard,-10.1522,-67.7392,25.86,92,100,1.75,BR,1707628590
417,khovd,48.0056,91.6419,-4.03,62,76,1.35,MN,1707628590
418,skadovs'k,46.1161,32.9112,7.37,95,100,7.31,UA,1707628590
419,east london,-33.0153,27.9116,18.52,82,40,1.54,ZA,1707628509
420,cantilan,9.3336,125.9775,28.61,62,74,3.76,PH,1707628591
421,miracema do tocantins,-9.5618,-48.3967,21.78,99,100,1.22,BR,1707628591
422,borovskoy,53.8,64.15,-18.67,90,12,4.51,KZ,1707628592
423,nizhnesortymskiy,62.4397,71.7603,-21.39,96,100,6.95,RU,1707628592
424,margate,51.3813,1.3862,9.39,94,100,3.78,GB,1707628592
425,crane,31.3974,-102.3501,13.09,39,87,6.2,US,1707628330
426,kaka,37.3482,59.6143,15.65,30,12,1.01,TM,1707628593
427,aiquile,-18.2041,-65.1807,14.46,96,99,1.03,BO,1707628593
428,kirensk,57.7853,108.1119,-1.13,80,100,4.47,RU,1707628594
429,klaksvik,62.2266,-6.589,3.51,89,100,14.5,FO,1707628594
430,geraldton,-28.7667,114.6,34.23,36,0,6.17,AU,1707628594
431,tchibanga,-2.85,11.0333,22.6,97,100,0.16,GA,1707628595
432,sao raimundo nonato,-9.0153,-42.6994,21.31,99,100,1.44,BR,1707628386
433,pandan,14.0453,124.1694,26.01,78,17,8.3,PH,1707627999
434,waat,51.1454,6.4958,10.51,97,100,3.09,DE,1707628595
435,al bawiti,28.3492,28.8659,10.92,77,0,2.36,EG,1707628596
436,muisne,0.6,-80.0333,25.07,93,98,0.87,EC,1707628596
437,flying fish cove,-10.4217,105.6791,28.82,74,100,3.09,CX,1707628597
438,lang son,21.8333,106.7333,20.84,34,32,1.85,VN,1707628530
439,anshun,26.25,105.9333,12.37,35,100,5.58,CN,1707628597
440,novyy urgal,51.0736,132.5642,-18.16,83,99,0.58,RU,1707628597
441,santana,-0.0583,-51.1817,27.1,94,40,2.57,BR,1707628031
442,naze,28.3667,129.4833,15.51,55,6,9.5,JP,1707628598
443,putian,25.4394,119.0103,18.79,35,0,2.83,CN,1707628598
444,kedougou,12.5579,-12.1743,25.2,15,0,0.76,SN,1707628598
445,rouissat,31.9243,5.3502,16.04,44,40,2.06,DZ,1707628598
446,biltine,14.5333,20.9167,20.96,17,0,2.71,TD,1707628599
447,narvik,68.4384,17.4272,-4.86,95,76,2.89,NO,1707628599
448,vigan,17.5747,120.3869,31.63,67,50,5.65,PH,1707628599
449,mukalla,14.5425,49.1242,23.48,78,59,2.12,YE,1707628600
450,tolmezzo,46.4075,13.0175,8.01,96,100,1.38,IT,1707628600
451,camargo,27.6667,-105.1667,11.33,26,0,4.25,MX,1707628600
452,gornozavodsk,58.3758,58.3211,-22.33,99,99,2.76,RU,1707628537
453,tual,-5.6667,132.75,28.86,76,78,5.13,ID,1707628026
454,goure,13.9835,10.2704,17.53,11,2,2.82,NE,1707628601
455,terenozek,45.05,64.9833,-0.27,87,100,6.11,KZ,1707628601
456,syriam,16.7722,96.2378,29.06,65,20,2.57,MM,1707628602
457,villa gesell,-37.2639,-56.973,22.81,97,36,3.09,AR,1707628602
458,soc trang,9.6033,105.98,32.41,39,9,9.01,VN,1707628602
459,bahir dar,11.5936,37.3908,19.34,44,4,1.56,ET,1707628603
460,pitimbu,-7.4706,-34.8086,26.33,88,37,1.97,BR,1707628603
461,la ronge,55.1001,-105.2842,-9.86,79,75,5.66,CA,1707628603
462,matoury,4.8483,-52.3317,26.98,83,75,3.09,GF,1707628603
463,sao joao da barra,-21.6403,-41.0511,23.99,87,34,5.85,BR,1707628011
464,farshut,26.0549,32.1633,11.1,48,0,1.55,EG,1707628604
465,beaumont,30.0861,-94.1019,21.02,96,100,4.12,US,1707628375
466,dunda,-8.1167,34.25,19.72,95,100,0.83,TZ,1707628604
467,ghat,24.9647,10.1728,16.52,13,67,2.41,LY,1707628605
468,cova figueira,14.8905,-24.2934,20.96,65,0,5.72,CV,1707628605
469,cururupu,-1.8283,-44.8683,24.15,96,100,1.82,BR,1707628605
470,cerritos,33.8583,-118.0648,13.53,67,0,1.54,US,1707628605
471,kill devil hills,36.0307,-75.676,17.0,81,100,4.63,US,1707628606
472,bollnas,61.3482,16.3946,-9.64,98,100,1.58,SE,1707628424
473,qamdo,31.1667,97.2333,-3.72,19,17,1.44,CN,1707628606
474,palu,-0.8917,119.8707,28.19,89,91,1.26,ID,1707628589
475,lumberton,34.6182,-79.0086,17.99,72,100,4.12,US,1707628607
476,acapulco de juarez,16.8634,-99.8901,25.9,78,0,4.12,MX,1707628607
477,chernyshevskiy,63.0128,112.4714,-26.41,97,100,5.08,RU,1707628608
478,kamba,11.8486,3.6576,21.73,17,0,3.62,NG,1707628608
479,winnemucca,40.973,-117.7357,-3.97,86,0,2.57,US,1707628608
480,ouezzane,34.7971,-5.5822,11.32,94,99,1.25,MA,1707628608
481,govindgarh,27.5,76.9833,18.97,30,0,0.69,IN,1707628609
482,murun-kuren,49.6342,100.1625,-3.7,66,10,2.38,MN,1707628609
483,at taj,24.2049,23.2857,11.78,27,0,4.47,LY,1707628610
484,juneau,58.3019,-134.4197,4.0,93,100,6.17,US,1707628422
485,sona,45.4388,10.8255,9.72,100,75,2.06,IT,1707628610
486,minas de marcona,-15.2119,-75.1103,20.84,78,82,2.5,PE,1707628611
487,al mijlad,11.0333,27.7333,20.06,16,2,6.82,SD,1707628611
488,gournay-en-bray,49.4828,1.7247,8.1,96,100,5.53,FR,1707628612
489,port macquarie,-31.4333,152.9167,24.94,94,81,1.78,AU,1707628612
490,pasni,25.2631,63.471,21.59,46,55,0.62,PK,1707628557
491,vila velha,-20.3297,-40.2925,22.97,94,0,0.89,BR,1707628613
492,siocon,7.7061,122.1353,27.22,76,24,12.44,PH,1707628613
493,ulladulla,-35.35,150.4667,24.28,52,0,6.35,AU,1707628613
494,nikolayevsk-on-amure,53.1406,140.73,-13.11,77,75,1.01,RU,1707628614
495,bentiu,9.2333,29.8333,24.56,22,1,2.4,SS,1707628614
496,san juan de miraflores,-12.1629,-76.9635,25.65,79,96,4.05,PE,1707628614
497,mundybash,53.211,87.2983,-9.0,85,100,4.14,RU,1707628614
498,battle ground,45.7809,-122.5334,7.06,93,79,0.89,US,1707628615
499,colac,-38.3333,143.5833,27.87,17,0,3.39,AU,1707628615
500,port augusta,-32.5,137.7667,34.99,20,0,5.99,AU,1707628037
501,kabala,9.5833,-11.55,20.43,86,63,1.06,SL,1707628616
502,keetmanshoop,-26.5833,18.1333,24.51,19,33,4.12,NA,1707628616
503,hammerfest,70.6634,23.6821,-7.75,100,42,2.57,NO,1707628616
504,axim,4.8699,-2.2405,25.75,91,3,0.52,GH,1707628616
505,oamaru,-45.0784,170.9801,14.65,61,21,4.3,NZ,1707628617
506,manta,-0.95,-80.7333,26.67,83,75,6.71,EC,1707628573
507,constitucion,-35.3333,-72.4167,14.35,93,54,8.5,CL,1707628617
508,saiha,22.4833,92.9667,25.1,21,8,1.25,IN,1707628617
509,new norfolk,-42.7826,147.0587,22.72,30,41,2.23,AU,1707628618
510,auki,-8.7676,160.7034,28.28,76,94,8.73,SB,1707628618
511,taguatinga,-12.3857,-46.5711,21.41,95,100,0.63,BR,1707628618
512,korsholm,63.1142,21.6822,-20.06,79,0,2.24,FI,1707628618
513,tlapa de comonfort,17.55,-98.55,17.81,68,2,2.49,MX,1707628619
514,rockport,28.0206,-97.0544,21.11,85,100,3.6,US,1707628619
515,smithers,54.7804,-127.1743,-5.82,100,75,1.54,CA,1707628619
516,ambodifotatra,-16.9833,49.85,26.73,82,97,3.33,MG,1707628619
517,magadan,59.5667,150.8,-19.15,75,99,2.32,RU,1707628620
518,gadani,25.1185,66.7299,22.12,26,45,1.55,PK,1707628620
519,san luis de la loma,17.2706,-100.8939,21.74,91,3,1.97,MX,1707628620
520,tazacorte,28.629,-17.9293,17.86,82,0,2.68,ES,1707628621
521,chamical,-30.36,-66.314,25.4,70,7,3.89,AR,1707628621
522,san pedro,14.35,121.0167,31.57,53,20,5.36,PH,1707628621
523,dhidhdhoo,6.8833,73.1,27.92,71,22,6.55,MV,1707628622
524,le port,-20.9373,55.2919,29.98,74,22,1.61,RE,1707628622
525,saqqez,36.2499,46.2735,3.94,76,12,0.74,IR,1707628622
526,choibalsan,48.0667,114.5,-3.88,75,1,4.4,MN,1707628623
527,hasaki,35.7333,140.8333,11.22,40,69,3.46,JP,1707628623
528,kamaishi,39.2667,141.8833,3.72,42,84,3.0,JP,1707628623
529,deyang,31.1302,104.382,15.67,47,6,1.72,CN,1707628623
530,puerto colombia,10.9878,-74.9547,28.05,80,1,14.32,CO,1707628382
531,san sebastian de la gomera,28.0916,-17.1133,19.2,94,75,0.51,ES,1707628625
532,kandahar,31.0,65.75,11.92,23,13,0.99,AF,1707628625
533,priyutnoye,46.1011,43.5072,9.73,71,100,2.81,RU,1707628625
534,as sulayyil,20.4607,45.5779,18.14,38,0,2.2,SA,1707628626
535,tangalle,6.024,80.7911,29.09,58,92,7.55,LK,1707628053
536,remire-montjoly,4.9167,-52.2667,27.02,83,75,3.09,GF,1707628626
537,zunheboto,25.9667,94.5167,19.96,33,0,1.1,IN,1707628627
538,zhelezinka,53.54,75.3072,-18.7,93,9,4.73,KZ,1707628627
539,beneditinos,-5.45,-42.3667,22.49,99,100,1.77,BR,1707628627
540,puerto baquerizo moreno,-0.9,-89.6,25.96,86,22,3.1,EC,1707627770
541,port shepstone,-30.7414,30.455,20.21,79,63,1.55,ZA,1707628628
542,nadi,-17.8,177.4167,30.0,79,75,5.66,FJ,1707628628
543,opuwo,-18.0607,13.84,21.85,78,86,1.73,NA,1707628629
544,korla,41.7597,86.1469,5.96,35,23,1.19,CN,1707628629
545,akrehamn,59.2667,5.1833,1.34,86,100,2.06,NO,1707628629
546,aripuana,-9.1667,-60.6333,23.21,99,100,0.6,BR,1707628630
547,mirnyy,62.5353,113.9611,-25.88,97,100,4.89,RU,1707628630
548,santo antonio do ica,-3.1022,-67.9397,24.51,96,100,0.31,BR,1707628630
549,san fernando,15.0286,120.6898,30.85,40,14,8.22,PH,1707628631
550,bogale,16.2833,95.4,32.88,31,72,1.96,MM,1707628611
551,noumea,-22.2763,166.4572,28.89,99,23,7.41,NC,1707628354
552,kupang,-10.1667,123.5833,32.32,70,40,5.66,ID,1707628585
